{
    "mean_iou": 0.6821535936819649,
    "mean_accuracy": 0.7463291139240507
}