{
    "mean_iou": 0.5740393780771152,
    "mean_accuracy": 0.6220994475138122
}