{
    "mean_iou": 0.6173772215843201,
    "mean_accuracy": 0.8571428571428571
}