{
    "mean_iou": 0.7270349093845913,
    "mean_accuracy": 0.8571428571428571
}